City_ID,City,Country,Lat,Lng,Max Temp,Humidity,Cloudiness,Wind Speed,Current Description
0,Klaksvik,FO,62.2266,-6.589,56.32,94,100,7.38,overcast clouds
1,Sola,VU,-13.8833,167.55,77.97,74,19,3.31,few clouds
2,Saint Anthony,US,45.0205,-93.218,84.34,66,100,4.0,overcast clouds
3,Alofi,NU,-19.0595,-169.9187,73.69,69,81,5.17,broken clouds
4,Leh,IN,34.1667,77.5833,61.09,53,51,7.2,broken clouds
5,Kapaa,US,22.0752,-159.319,82.38,80,19,3.0,light rain
6,Husavik,IS,66.0449,-17.3389,55.31,83,73,5.68,broken clouds
7,Hilo,US,19.7297,-155.09,81.81,87,39,4.0,scattered clouds
8,Cape Town,ZA,-33.9258,18.4232,57.61,83,0,1.99,clear sky
9,Adrar,MR,20.5022,-10.0711,96.73,14,9,13.35,clear sky
10,Rikitea,PF,-23.1203,-134.9692,73.96,75,21,16.35,few clouds
11,Taolanaro,MG,-22.8167,47.8333,65.43,86,56,8.86,light rain
12,Punta Arenas,CL,-53.15,-70.9167,44.11,73,80,11.07,broken clouds
13,Hofn,IS,66.0449,-17.3389,55.31,83,73,5.68,broken clouds
14,Puerto Ayora,EC,-0.7393,-90.3518,73.54,84,79,7.0,broken clouds
15,Henties Bay,NA,-22.116,14.2845,54.86,85,3,8.84,clear sky
16,Hermanus,ZA,-33.9258,18.4232,57.61,83,0,1.99,clear sky
17,Port Alfred,ZA,-33.9258,18.4232,57.61,83,0,1.99,clear sky
18,Ushuaia,AR,-54.8,-68.3,49.62,75,75,36.82,broken clouds
19,Georgetown,MY,5.4112,100.3354,81.9,85,20,1.01,few clouds
20,Thompson,CA,55.7435,-97.8558,71.51,24,42,5.1,scattered clouds
21,Gat,IL,31.61,34.7642,90.39,35,0,4.29,clear sky
22,Labutta,MM,22.9333,97.75,69.49,99,100,0.81,overcast clouds
23,Qaanaaq,GL,77.484,-69.3632,46.87,60,39,1.52,scattered clouds
24,Kavaratti,IN,10.5669,72.642,82.18,80,100,21.03,overcast clouds
25,Sao Filipe,CV,14.8961,-24.4956,78.39,90,98,6.24,overcast clouds
26,Hobart,AU,-42.8794,147.3294,54.05,59,20,3.0,few clouds
27,New Norfolk,AU,-42.8794,147.3294,54.05,59,20,3.0,few clouds
28,Itaqui,BR,-29.1253,-56.5531,67.03,60,100,6.26,overcast clouds
29,Ponta Do Sol,CV,14.8961,-24.4956,78.39,90,98,6.24,overcast clouds
30,Hithadhoo,MV,-0.6,73.0833,80.71,77,99,7.52,moderate rain
31,Moses Lake,US,19.7297,-155.09,81.81,87,39,4.0,scattered clouds
32,Springville,US,19.7297,-155.09,81.81,87,39,4.0,scattered clouds
33,Karpathos,GR,35.507,27.2132,81.68,67,0,12.3,clear sky
34,Yellowknife,CA,55.7435,-97.8558,71.51,24,42,5.1,scattered clouds
35,Jamestown,MY,5.4112,100.3354,81.9,85,20,1.01,few clouds
36,Saint-Augustin,CA,55.7435,-97.8558,71.51,24,42,5.1,scattered clouds
37,Chuy,UY,-33.6971,-53.4616,59.05,85,94,9.15,overcast clouds
38,Bredasdorp,ZA,-33.9258,18.4232,57.61,83,0,1.99,clear sky
39,Vila Franca Do Campo,PT,37.7167,-25.4333,73.81,84,0,6.98,clear sky
40,Busselton,AU,-42.8794,147.3294,54.05,59,20,3.0,few clouds
41,Illoqqortoormiut,GL,77.484,-69.3632,46.87,60,39,1.52,scattered clouds
42,Avarua,CK,-21.2078,-159.775,77.05,65,49,6.91,scattered clouds
43,Bluff,NZ,-46.6,168.3333,39.79,86,76,8.12,broken clouds
44,Albany,AU,-42.8794,147.3294,54.05,59,20,3.0,few clouds
45,Aklavik,CA,55.7435,-97.8558,71.51,24,42,5.1,scattered clouds
46,Cururupu,BR,-29.1253,-56.5531,67.03,60,100,6.26,overcast clouds
47,Meulaboh,ID,4.1363,96.1285,76.6,82,100,3.78,overcast clouds
48,Vaini,TO,-21.2,-175.2,69.96,88,75,1.14,broken clouds
49,Atuona,PF,-23.1203,-134.9692,73.96,75,21,16.35,few clouds
50,Chicama,PE,-7.8447,-79.1469,72.82,62,0,9.78,clear sky
51,Plettenberg Bay,ZA,-33.9258,18.4232,57.61,83,0,1.99,clear sky
52,Curuguaty,PY,-23.4923,-58.7972,78.22,25,100,5.93,overcast clouds
53,Kandi,BJ,11.1342,2.9386,72.48,96,81,4.99,broken clouds
54,Geraldton,AU,-42.8794,147.3294,54.05,59,20,3.0,few clouds
55,Nome,US,19.7297,-155.09,81.81,87,39,4.0,scattered clouds
56,Mancheral,IN,10.5669,72.642,82.18,80,100,21.03,overcast clouds
57,Tasiilaq,GL,77.484,-69.3632,46.87,60,39,1.52,scattered clouds
58,Broken Hill,AU,-42.8794,147.3294,54.05,59,20,3.0,few clouds
59,East London,ZA,-33.9258,18.4232,57.61,83,0,1.99,clear sky
60,Acapulco,MX,16.8634,-99.8901,86.04,66,90,6.67,overcast clouds
61,Port Elizabeth,ZA,-33.9258,18.4232,57.61,83,0,1.99,clear sky
62,Ingham,AU,-42.8794,147.3294,54.05,59,20,3.0,few clouds
63,Ponta Do Sol,PT,37.7167,-25.4333,73.81,84,0,6.98,clear sky
64,Ambilobe,MG,-22.8167,47.8333,65.43,86,56,8.86,light rain
65,Carnarvon,AU,-42.8794,147.3294,54.05,59,20,3.0,few clouds
66,Hervey Bay,AU,-42.8794,147.3294,54.05,59,20,3.0,few clouds
67,Havre-Saint-Pierre,CA,55.7435,-97.8558,71.51,24,42,5.1,scattered clouds
68,Lebu,CL,-53.15,-70.9167,44.11,73,80,11.07,broken clouds
69,Upernavik,GL,77.484,-69.3632,46.87,60,39,1.52,scattered clouds
70,Kahului,US,19.7297,-155.09,81.81,87,39,4.0,scattered clouds
71,Jarwal,IN,10.5669,72.642,82.18,80,100,21.03,overcast clouds
72,Kishi,NG,9.0833,3.85,69.94,96,92,5.48,overcast clouds
73,Mataura,PF,-23.1203,-134.9692,73.96,75,21,16.35,few clouds
74,Grand Gaube,MU,-20.0064,57.6608,67.37,69,76,8.01,broken clouds
75,Abja-Paluoja,EE,58.1253,25.3497,49.86,78,4,4.32,clear sky
76,Luderitz,NA,-22.116,14.2845,54.86,85,3,8.84,clear sky
77,Mandalgovi,MN,45.7625,106.2708,63.88,45,47,8.39,scattered clouds
78,Barrow,US,19.7297,-155.09,81.81,87,39,4.0,scattered clouds
79,Victoria,HK,22.2855,114.1577,84.16,95,100,3.0,moderate rain
80,College,US,19.7297,-155.09,81.81,87,39,4.0,scattered clouds
81,Luanda,AO,-8.8368,13.2343,71.6,88,0,5.75,clear sky
82,Norman Wells,CA,55.7435,-97.8558,71.51,24,42,5.1,scattered clouds
83,Mayo,CA,55.7435,-97.8558,71.51,24,42,5.1,scattered clouds
84,Alice Springs,AU,-42.8794,147.3294,54.05,59,20,3.0,few clouds
85,San Patricio,MX,16.8634,-99.8901,86.04,66,90,6.67,overcast clouds
86,Moncagua,SV,13.5333,-88.25,88.34,56,100,2.48,overcast clouds
87,Lata,PT,40.1629,-8.3327,70.03,97,4,2.95,clear sky
88,San Cristobal,EC,-0.7393,-90.3518,73.54,84,79,7.0,broken clouds
89,Attawapiskat,CA,55.7435,-97.8558,71.51,24,42,5.1,scattered clouds
90,Lompoc,US,19.7297,-155.09,81.81,87,39,4.0,scattered clouds
91,Laguna,BR,-29.1253,-56.5531,67.03,60,100,6.26,overcast clouds
92,Atar,MR,20.5169,-13.0499,101.34,13,2,10.4,clear sky
93,Waterloo,CA,43.4668,-80.5164,82.72,52,2,5.99,clear sky
94,Cabo San Lucas,MX,16.8634,-99.8901,86.04,66,90,6.67,overcast clouds
95,Riberalta,BO,-10.9833,-66.1,94.42,21,1,1.41,clear sky
96,Freeport,US,19.7297,-155.09,81.81,87,39,4.0,scattered clouds
97,Sitka,US,19.7297,-155.09,81.81,87,39,4.0,scattered clouds
98,Luebo,CD,-5.35,21.4167,77.32,29,0,2.44,clear sky
99,Lagoa,PT,37.7167,-25.4333,73.81,84,0,6.98,clear sky
100,Manakara,MG,-22.1333,48.0167,63.81,83,64,3.96,light rain
101,Mandera,KE,3.9366,41.867,80.71,46,66,20.22,broken clouds
102,Washim,IN,10.5669,72.642,82.18,80,100,21.03,overcast clouds
103,Mahebourg,MU,-20.0064,57.6608,67.37,69,76,8.01,broken clouds
104,Celestun,MX,16.8634,-99.8901,86.04,66,90,6.67,overcast clouds
105,Tsihombe,MG,-22.1333,48.0167,63.81,83,64,3.96,light rain
106,Narsaq,GL,77.484,-69.3632,46.87,60,39,1.52,scattered clouds
107,Ahvaz,IR,27.1467,57.0801,90.9,51,7,4.5,clear sky
108,Westport,US,41.1415,-73.3579,82.58,82,90,4.0,overcast clouds
109,Gao,ML,16.6362,1.637,88.88,44,34,6.24,scattered clouds
110,Portland,AU,-42.8794,147.3294,54.05,59,20,3.0,few clouds
111,Tuktoyaktuk,CA,55.7435,-97.8558,71.51,24,42,5.1,scattered clouds
112,Butaritari,KI,3.0707,172.7902,84.07,61,12,12.82,few clouds
113,Mar Del Plata,AR,-54.8,-68.3,49.62,75,75,36.82,broken clouds
114,Katsuura,JP,35.1333,140.3,80.71,85,63,7.65,broken clouds
115,Batsfjord,NO,70.6345,29.7185,53.38,82,0,4.61,clear sky
116,Souillac,MU,-20.0064,57.6608,67.37,69,76,8.01,broken clouds
117,Hurghada,EG,27.2574,33.8129,89.64,66,0,0.0,dust
118,Constitucion,CL,-53.15,-70.9167,44.11,73,80,11.07,broken clouds
119,Wajima,JP,35.1333,140.3,80.71,85,63,7.65,broken clouds
120,Bedesa,ET,8.9,40.7833,66.06,67,77,9.71,broken clouds
121,Boddam,GB,57.4667,-1.7833,60.1,88,55,22.97,broken clouds
122,Coahuayana,MX,16.8634,-99.8901,86.04,66,90,6.67,overcast clouds
123,Kruisfontein,ZA,-33.9258,18.4232,57.61,83,0,1.99,clear sky
124,Kavieng,PG,-2.5744,150.7967,82.26,71,100,2.59,light rain
125,Glenwood Springs,US,19.7297,-155.09,81.81,87,39,4.0,scattered clouds
126,Rawson,AR,-54.8,-68.3,49.62,75,75,36.82,broken clouds
127,Sorland,NO,70.6345,29.7185,53.38,82,0,4.61,clear sky
128,Woodward,US,19.7297,-155.09,81.81,87,39,4.0,scattered clouds
129,Chaman,PK,30.9236,66.4512,80.82,13,0,5.64,clear sky
130,Acari,PE,-7.8447,-79.1469,72.82,62,0,9.78,clear sky
131,Faya,SA,18.3851,42.4509,68.16,67,79,2.13,broken clouds
132,Yulara,AU,-42.8794,147.3294,54.05,59,20,3.0,few clouds
133,Saint-Philippe,RE,-21.3585,55.7679,65.75,80,49,13.94,light rain
134,Cuaspud,CO,0.8628,-77.7263,54.84,70,48,11.32,scattered clouds
135,Hirara,JP,35.1333,140.3,80.71,85,63,7.65,broken clouds
136,Ende,ID,4.1363,96.1285,76.6,82,100,3.78,overcast clouds
137,Ukiah,US,19.7297,-155.09,81.81,87,39,4.0,scattered clouds
138,Boyolangu,ID,4.1363,96.1285,76.6,82,100,3.78,overcast clouds
139,Castro,CL,-53.15,-70.9167,44.11,73,80,11.07,broken clouds
140,Kalabo,ZM,-14.97,22.6814,58.96,27,0,4.52,clear sky
141,Juybar,IR,36.6412,52.9124,80.02,54,43,2.28,scattered clouds
142,Esperance,AU,-42.8794,147.3294,54.05,59,20,3.0,few clouds
143,Faanui,PF,-23.1203,-134.9692,73.96,75,21,16.35,few clouds
144,Balkhash,KZ,46.844,74.9804,73.26,44,6,14.61,clear sky
145,Wilmington,US,19.7297,-155.09,81.81,87,39,4.0,scattered clouds
146,Khorramshahr,IR,36.6412,52.9124,80.02,54,43,2.28,scattered clouds
147,Kupang,ID,4.1363,96.1285,76.6,82,100,3.78,overcast clouds
148,Apango,MX,16.8634,-99.8901,86.04,66,90,6.67,overcast clouds
149,Savannakhet,LA,16.566,104.751,77.22,89,100,9.48,overcast clouds
150,Hasaki,JP,35.1333,140.3,80.71,85,63,7.65,broken clouds
151,Rio Grande,BR,-29.1253,-56.5531,67.03,60,100,6.26,overcast clouds
152,Homer,US,19.7297,-155.09,81.81,87,39,4.0,scattered clouds
153,Kununurra,AU,-42.8794,147.3294,54.05,59,20,3.0,few clouds
154,Cabinda,AO,-8.8368,13.2343,71.6,88,0,5.75,clear sky
155,Manzanillo,MX,16.8634,-99.8901,86.04,66,90,6.67,overcast clouds
156,Perbaungan,ID,4.1363,96.1285,76.6,82,100,3.78,overcast clouds
157,Socorro,US,19.7297,-155.09,81.81,87,39,4.0,scattered clouds
158,Katikati,NZ,-46.6,168.3333,39.79,86,76,8.12,broken clouds
159,Soyo,AO,-8.8368,13.2343,71.6,88,0,5.75,clear sky
160,Bucerias,MX,16.8634,-99.8901,86.04,66,90,6.67,overcast clouds
161,Sawai Madhopur,IN,10.5669,72.642,82.18,80,100,21.03,overcast clouds
162,Rosario,AR,-54.8,-68.3,49.62,75,75,36.82,broken clouds
163,Ketchikan,US,19.7297,-155.09,81.81,87,39,4.0,scattered clouds
164,Inhambane,MZ,-23.865,35.3833,66.94,79,0,7.02,clear sky
165,Rokytne,UA,51.2796,27.214,63.39,97,100,8.25,overcast clouds
166,Pisco,PE,-7.8447,-79.1469,72.82,62,0,9.78,clear sky
167,Clyde River,CA,55.7435,-97.8558,71.51,24,42,5.1,scattered clouds
168,Ulaangom,MN,45.7625,106.2708,63.88,45,47,8.39,scattered clouds
169,Guerrero Negro,MX,16.8634,-99.8901,86.04,66,90,6.67,overcast clouds
170,Arraial Do Cabo,BR,-29.1253,-56.5531,67.03,60,100,6.26,overcast clouds
171,Tsiroanomandidy,MG,-22.1333,48.0167,63.81,83,64,3.96,light rain
172,Quatre Cocos,MU,-20.0064,57.6608,67.37,69,76,8.01,broken clouds
173,Schwarzenbek,DE,53.5,10.4833,64.71,95,75,7.45,broken clouds
174,Ribeira Grande,PT,37.7167,-25.4333,73.81,84,0,6.98,clear sky
175,Ilulissat,GL,77.484,-69.3632,46.87,60,39,1.52,scattered clouds
176,Port Lincoln,AU,-42.8794,147.3294,54.05,59,20,3.0,few clouds
177,Lorengau,PG,-2.5744,150.7967,82.26,71,100,2.59,light rain
178,Bardiyah,IL,31.61,34.7642,90.39,35,0,4.29,clear sky
179,Yendi,GH,9.4427,-0.0099,72.81,97,100,4.47,overcast clouds
180,Nizwa,OM,22.9333,57.5333,91.6,33,7,5.59,clear sky
181,Maragogi,BR,-29.1253,-56.5531,67.03,60,100,6.26,overcast clouds
182,Torbay,CA,55.7435,-97.8558,71.51,24,42,5.1,scattered clouds
183,Vestmanna,FO,62.2266,-6.589,56.32,94,100,7.38,overcast clouds
184,Mayumba,GA,-0.7193,8.7815,78.76,78,75,11.5,broken clouds
185,Kodiak,US,19.7297,-155.09,81.81,87,39,4.0,scattered clouds
186,Aksay,KZ,46.844,74.9804,73.26,44,6,14.61,clear sky
187,Toliary,MG,-22.1333,48.0167,63.81,83,64,3.96,light rain
188,Marcona,PE,-7.8447,-79.1469,72.82,62,0,9.78,clear sky
189,Payette,US,19.7297,-155.09,81.81,87,39,4.0,scattered clouds
190,General Pico,AR,-54.8,-68.3,49.62,75,75,36.82,broken clouds
191,Bengkulu,ID,4.1363,96.1285,76.6,82,100,3.78,overcast clouds
192,Port Keats,AU,-42.8794,147.3294,54.05,59,20,3.0,few clouds
193,Tezu,IN,10.5669,72.642,82.18,80,100,21.03,overcast clouds
194,Lima,PE,-7.8447,-79.1469,72.82,62,0,9.78,clear sky
195,Agapovka,RU,53.2973,59.1348,63.61,88,80,5.26,broken clouds
196,Anchorage,US,19.7297,-155.09,81.81,87,39,4.0,scattered clouds
197,Leningradskiy,RU,53.2973,59.1348,63.61,88,80,5.26,broken clouds
198,Cockburn Town,TC,21.4612,-71.1419,82.99,79,63,18.86,broken clouds
199,Cooma,AU,-42.8794,147.3294,54.05,59,20,3.0,few clouds
200,Flinders,AU,-42.8794,147.3294,54.05,59,20,3.0,few clouds
201,Eldorado,MX,16.8634,-99.8901,86.04,66,90,6.67,overcast clouds
202,Mao,SA,18.3851,42.4509,68.16,67,79,2.13,broken clouds
203,Pedernales,DO,18.0384,-71.744,87.03,63,69,1.68,broken clouds
204,Ji-Parana,BR,-29.1253,-56.5531,67.03,60,100,6.26,overcast clouds
205,Bathsheba,BB,13.2167,-59.5167,83.03,75,11,12.97,few clouds
206,Te Anau,NZ,-46.6,168.3333,39.79,86,76,8.12,broken clouds
207,Naze,JP,35.1333,140.3,80.71,85,63,7.65,broken clouds
208,Atambua,ID,4.1363,96.1285,76.6,82,100,3.78,overcast clouds
209,Vaitape,PF,-23.1203,-134.9692,73.96,75,21,16.35,few clouds
210,Necochea,AR,-54.8,-68.3,49.62,75,75,36.82,broken clouds
211,Ahipara,NZ,-46.6,168.3333,39.79,86,76,8.12,broken clouds
212,Medea,MR,20.5022,-10.0711,96.73,14,9,13.35,clear sky
213,Yashalta,RU,53.2973,59.1348,63.61,88,80,5.26,broken clouds
214,Kieta,PG,-2.5744,150.7967,82.26,71,100,2.59,light rain
215,Mtimbira,TZ,-8.7833,36.35,68.32,67,15,2.55,few clouds
216,Passos,BR,-29.1253,-56.5531,67.03,60,100,6.26,overcast clouds
217,Guayaramerin,BO,-10.9833,-66.1,94.42,21,1,1.41,clear sky
218,Fairbanks,US,19.7297,-155.09,81.81,87,39,4.0,scattered clouds
219,Caravelas,BR,-29.1253,-56.5531,67.03,60,100,6.26,overcast clouds
220,Salalah,OM,22.9333,57.5333,91.6,33,7,5.59,clear sky
221,Bambous Virieux,MU,-20.0064,57.6608,67.37,69,76,8.01,broken clouds
222,Jujuy,AR,-54.8,-68.3,49.62,75,75,36.82,broken clouds
223,New Albany,US,19.7297,-155.09,81.81,87,39,4.0,scattered clouds
224,Fortuna,US,19.7297,-155.09,81.81,87,39,4.0,scattered clouds
225,Silvania,CO,0.8628,-77.7263,54.84,70,48,11.32,scattered clouds
226,Daru,PG,-2.5744,150.7967,82.26,71,100,2.59,light rain
227,Arman,RU,53.2973,59.1348,63.61,88,80,5.26,broken clouds
228,Monywa,MM,22.9333,97.75,69.49,99,100,0.81,overcast clouds
229,Nelson Bay,AU,-42.8794,147.3294,54.05,59,20,3.0,few clouds
230,Neuquen,AR,-54.8,-68.3,49.62,75,75,36.82,broken clouds
231,Carutapera,BR,-29.1253,-56.5531,67.03,60,100,6.26,overcast clouds
232,Severnyy-Kospashskiy,RU,53.2973,59.1348,63.61,88,80,5.26,broken clouds
233,Jadu,IL,31.61,34.7642,90.39,35,0,4.29,clear sky
234,Maceio,BR,-29.1253,-56.5531,67.03,60,100,6.26,overcast clouds
235,Mahibadhoo,MV,-0.6,73.0833,80.71,77,99,7.52,moderate rain
236,Yanam,IN,10.5669,72.642,82.18,80,100,21.03,overcast clouds
237,Comodoro Rivadavia,AR,-54.8,-68.3,49.62,75,75,36.82,broken clouds
238,Tunduru,TZ,-8.7833,36.35,68.32,67,15,2.55,few clouds
239,Sistranda,NO,70.6345,29.7185,53.38,82,0,4.61,clear sky
240,Lujan,AR,-54.8,-68.3,49.62,75,75,36.82,broken clouds
241,Svetlogorsk,RU,53.2973,59.1348,63.61,88,80,5.26,broken clouds
242,Palabuhanratu,ID,4.1363,96.1285,76.6,82,100,3.78,overcast clouds
243,Kutum,SD,14.2,24.6667,80.42,48,49,17.25,scattered clouds
244,Nanortalik,GL,77.484,-69.3632,46.87,60,39,1.52,scattered clouds
245,Vardo,NO,70.6345,29.7185,53.38,82,0,4.61,clear sky
246,Cove,BJ,11.1342,2.9386,72.48,96,81,4.99,broken clouds
247,Banihal,IN,10.5669,72.642,82.18,80,100,21.03,overcast clouds
248,Ngunguru,NZ,-46.6,168.3333,39.79,86,76,8.12,broken clouds
249,Avera,PF,-23.1203,-134.9692,73.96,75,21,16.35,few clouds
250,Algiers,MR,20.5022,-10.0711,96.73,14,9,13.35,clear sky
251,Bethel,US,19.7297,-155.09,81.81,87,39,4.0,scattered clouds
252,Saskylakh,RU,53.2973,59.1348,63.61,88,80,5.26,broken clouds
253,Port Hardy,CA,55.7435,-97.8558,71.51,24,42,5.1,scattered clouds
254,Porto Seguro,BR,-29.1253,-56.5531,67.03,60,100,6.26,overcast clouds
255,Elban,RU,53.2973,59.1348,63.61,88,80,5.26,broken clouds
256,Kozan,TR,37.4552,35.8157,81.5,69,6,0.83,clear sky
257,Airai,TL,-8.9266,125.4092,54.37,63,81,4.12,broken clouds
258,Padang,ID,4.1363,96.1285,76.6,82,100,3.78,overcast clouds
259,Hallein,AT,47.6833,13.1,62.35,90,75,12.66,broken clouds
260,Vestmannaeyjar,IS,66.0449,-17.3389,55.31,83,73,5.68,broken clouds
261,Aflu,MR,20.5022,-10.0711,96.73,14,9,13.35,clear sky
262,Koslan,RU,53.2973,59.1348,63.61,88,80,5.26,broken clouds
263,Bubaque,GW,11.2833,-15.8333,80.38,77,100,13.78,overcast clouds
264,Changping,CN,40.2186,116.2197,71.96,85,6,5.99,clear sky
265,Prince Rupert,CA,55.7435,-97.8558,71.51,24,42,5.1,scattered clouds
266,Rocha,UY,-33.6971,-53.4616,59.05,85,94,9.15,overcast clouds
267,Nanning,CN,40.2186,116.2197,71.96,85,6,5.99,clear sky
268,Iqaluit,CA,55.7435,-97.8558,71.51,24,42,5.1,scattered clouds
269,Mehamn,NO,70.6345,29.7185,53.38,82,0,4.61,clear sky
270,Kuche,CN,40.2186,116.2197,71.96,85,6,5.99,clear sky
271,Lasa,CN,40.2186,116.2197,71.96,85,6,5.99,clear sky
272,Winnemucca,US,19.7297,-155.09,81.81,87,39,4.0,scattered clouds
273,Wamba,CD,-5.35,21.4167,77.32,29,0,2.44,clear sky
274,Tayu,ID,4.1363,96.1285,76.6,82,100,3.78,overcast clouds
275,Petatlan,MX,16.8634,-99.8901,86.04,66,90,6.67,overcast clouds
276,Bowen,AU,-42.8794,147.3294,54.05,59,20,3.0,few clouds
277,Cayenne,GF,4.9333,-52.3333,82.44,78,0,6.91,clear sky
278,Alyangula,AU,-42.8794,147.3294,54.05,59,20,3.0,few clouds
279,Hualmay,PE,-7.8447,-79.1469,72.82,62,0,9.78,clear sky
280,Juneau,US,19.7297,-155.09,81.81,87,39,4.0,scattered clouds
281,Coihaique,CL,-53.15,-70.9167,44.11,73,80,11.07,broken clouds
282,Los Llanos De Aridane,ES,28.6585,-17.9182,69.55,95,20,16.11,few clouds
283,Maloyaroslavets,RU,53.2973,59.1348,63.61,88,80,5.26,broken clouds
284,Hurricane,US,19.7297,-155.09,81.81,87,39,4.0,scattered clouds
285,Dubbo,AU,-42.8794,147.3294,54.05,59,20,3.0,few clouds
286,Tshane,BW,-24.0196,21.8684,61.34,30,2,9.48,clear sky
287,Murgab,TM,37.4966,61.9714,84.18,18,0,7.23,clear sky
288,Richards Bay,ZA,-33.9258,18.4232,57.61,83,0,1.99,clear sky
289,Kashan,IR,36.6412,52.9124,80.02,54,43,2.28,scattered clouds
290,Pierre,US,19.7297,-155.09,81.81,87,39,4.0,scattered clouds
291,Cidreira,BR,-29.1253,-56.5531,67.03,60,100,6.26,overcast clouds
292,Codrington,AU,-38.2667,141.9667,51.31,81,100,11.34,overcast clouds
293,Upington,ZA,-33.9258,18.4232,57.61,83,0,1.99,clear sky
294,Bassar,TG,9.25,0.7833,70.0,97,98,3.0,overcast clouds
295,Palekh,RU,53.2973,59.1348,63.61,88,80,5.26,broken clouds
296,Fort Nelson,CA,55.7435,-97.8558,71.51,24,42,5.1,scattered clouds
297,Madang,PG,-2.5744,150.7967,82.26,71,100,2.59,light rain
298,Pathein,MM,16.7833,94.7333,77.25,95,100,6.89,overcast clouds
299,Longyearbyen,SJ,78.2186,15.6401,42.64,87,75,12.66,broken clouds
300,Bani Walid,IL,31.61,34.7642,90.39,35,0,4.29,clear sky
301,Pitkyaranta,RU,53.2973,59.1348,63.61,88,80,5.26,broken clouds
302,Hami,CN,40.2186,116.2197,71.96,85,6,5.99,clear sky
303,Bulgan,MN,45.7625,106.2708,63.88,45,47,8.39,scattered clouds
304,La Ronge,CA,55.7435,-97.8558,71.51,24,42,5.1,scattered clouds
305,Micheweni,TZ,-8.7833,36.35,68.32,67,15,2.55,few clouds
306,Hovd,MN,45.7625,106.2708,63.88,45,47,8.39,scattered clouds
307,A,NO,70.6345,29.7185,53.38,82,0,4.61,clear sky
308,Hamilton,US,39.1834,-84.5333,86.63,51,94,3.0,overcast clouds
309,Carahue,CL,-53.15,-70.9167,44.11,73,80,11.07,broken clouds
310,West Bay,KY,19.3667,-81.4167,90.0,68,40,4.0,scattered clouds
311,Vila Velha,BR,-29.1253,-56.5531,67.03,60,100,6.26,overcast clouds
312,Kalya,RU,53.2973,59.1348,63.61,88,80,5.26,broken clouds
313,Gerash,IR,36.6412,52.9124,80.02,54,43,2.28,scattered clouds
314,Tabas,IR,36.6412,52.9124,80.02,54,43,2.28,scattered clouds
315,Beringovskiy,RU,53.2973,59.1348,63.61,88,80,5.26,broken clouds
316,Marsh Harbour,BS,26.5412,-77.0636,84.45,73,69,14.0,broken clouds
317,Khani,RU,53.2973,59.1348,63.61,88,80,5.26,broken clouds
318,Turmero,VE,10.2239,-67.4729,80.83,69,65,4.27,broken clouds
319,Kaitangata,NZ,-46.6,168.3333,39.79,86,76,8.12,broken clouds
320,Deputatskiy,RU,53.2973,59.1348,63.61,88,80,5.26,broken clouds
321,Springbok,ZA,-33.9258,18.4232,57.61,83,0,1.99,clear sky
322,Morehead,PG,-2.5744,150.7967,82.26,71,100,2.59,light rain
323,Soure,BR,-29.1253,-56.5531,67.03,60,100,6.26,overcast clouds
324,San Rafael,AR,-54.8,-68.3,49.62,75,75,36.82,broken clouds
325,Sao Jose Da Coroa Grande,BR,-29.1253,-56.5531,67.03,60,100,6.26,overcast clouds
326,Vao,NC,-22.6667,167.4833,67.32,58,73,17.63,broken clouds
327,Nurota,UZ,40.5614,65.6886,77.09,21,0,8.39,clear sky
328,Shache,CN,40.2186,116.2197,71.96,85,6,5.99,clear sky
329,Severo-Kurilsk,RU,53.2973,59.1348,63.61,88,80,5.26,broken clouds
330,Zabaykalsk,RU,53.2973,59.1348,63.61,88,80,5.26,broken clouds
331,Kemijarvi,FI,66.7131,27.4306,52.27,77,85,4.94,overcast clouds
332,Taft,US,19.7297,-155.09,81.81,87,39,4.0,scattered clouds
333,Saint George,US,39.1834,-84.5333,86.63,51,94,3.0,overcast clouds
334,Porto Velho,BR,-29.1253,-56.5531,67.03,60,100,6.26,overcast clouds
335,Pitiquito,MX,16.8634,-99.8901,86.04,66,90,6.67,overcast clouds
336,Dunnville,CA,55.7435,-97.8558,71.51,24,42,5.1,scattered clouds
337,Hunza,PK,30.9236,66.4512,80.82,13,0,5.64,clear sky
338,Jertih,MY,5.7336,102.4897,76.69,93,100,2.84,light rain
339,Muros,ES,28.6585,-17.9182,69.55,95,20,16.11,few clouds
340,Sawakin,SD,14.2,24.6667,80.42,48,49,17.25,scattered clouds
341,Raleigh,US,19.7297,-155.09,81.81,87,39,4.0,scattered clouds
342,Belfast,ZA,-33.9258,18.4232,57.61,83,0,1.99,clear sky
343,Belmonte,BR,-29.1253,-56.5531,67.03,60,100,6.26,overcast clouds
344,Viligili,MV,-0.6,73.0833,80.71,77,99,7.52,moderate rain
345,North Bend,US,19.7297,-155.09,81.81,87,39,4.0,scattered clouds
346,Merauke,ID,4.1363,96.1285,76.6,82,100,3.78,overcast clouds
347,Namibe,AO,-8.8368,13.2343,71.6,88,0,5.75,clear sky
348,Krasnokamensk,RU,53.2973,59.1348,63.61,88,80,5.26,broken clouds
349,Russkaya Polyana,RU,53.2973,59.1348,63.61,88,80,5.26,broken clouds
350,Yasnyy,RU,53.2973,59.1348,63.61,88,80,5.26,broken clouds
351,Amarillo,US,19.7297,-155.09,81.81,87,39,4.0,scattered clouds
352,San Carlos De Bariloche,AR,-54.8,-68.3,49.62,75,75,36.82,broken clouds
353,Amurzet,RU,53.2973,59.1348,63.61,88,80,5.26,broken clouds
354,Grindavik,IS,66.0449,-17.3389,55.31,83,73,5.68,broken clouds
355,Ambodifototra,MG,-22.1333,48.0167,63.81,83,64,3.96,light rain
356,Itaueira,BR,-29.1253,-56.5531,67.03,60,100,6.26,overcast clouds
357,Kandrian,PG,-2.5744,150.7967,82.26,71,100,2.59,light rain
358,Taltal,CL,-53.15,-70.9167,44.11,73,80,11.07,broken clouds
359,Ixtapa,MX,16.8634,-99.8901,86.04,66,90,6.67,overcast clouds
360,Lyambir,RU,53.2973,59.1348,63.61,88,80,5.26,broken clouds
361,Khor,RU,47.8861,134.9464,69.1,96,100,5.08,moderate rain
362,Koumac,NC,-22.6667,167.4833,67.32,58,73,17.63,broken clouds
363,Trincomalee,LK,8.5711,81.2335,80.89,78,100,22.46,overcast clouds
364,Mishawaka,US,19.7297,-155.09,81.81,87,39,4.0,scattered clouds
365,San Ignacio,BO,-10.9833,-66.1,94.42,21,1,1.41,clear sky
366,Khatanga,RU,53.2973,59.1348,63.61,88,80,5.26,broken clouds
367,Moussoro,SA,18.3851,42.4509,68.16,67,79,2.13,broken clouds
368,Male,MV,-0.6,73.0833,80.71,77,99,7.52,moderate rain
369,Shestakovo,RU,53.2973,59.1348,63.61,88,80,5.26,broken clouds
370,Coronel Vivida,BR,-29.1253,-56.5531,67.03,60,100,6.26,overcast clouds
371,Erzin,RU,53.2973,59.1348,63.61,88,80,5.26,broken clouds
372,Moose Factory,CA,55.7435,-97.8558,71.51,24,42,5.1,scattered clouds
373,Flin Flon,CA,55.7435,-97.8558,71.51,24,42,5.1,scattered clouds
374,Miraflores,CO,0.8628,-77.7263,54.84,70,48,11.32,scattered clouds
375,Louisbourg,CA,55.7435,-97.8558,71.51,24,42,5.1,scattered clouds
376,Rakaia,NZ,-46.6,168.3333,39.79,86,76,8.12,broken clouds
377,Mocuba,MZ,-23.865,35.3833,66.94,79,0,7.02,clear sky
378,Sur,OM,22.9333,57.5333,91.6,33,7,5.59,clear sky
379,Mut,TR,37.4552,35.8157,81.5,69,6,0.83,clear sky
380,Constitucion,MX,16.8634,-99.8901,86.04,66,90,6.67,overcast clouds
381,Takoradi,GH,9.4427,-0.0099,72.81,97,100,4.47,overcast clouds
382,Ishigaki,JP,35.1333,140.3,80.71,85,63,7.65,broken clouds
383,Sambava,MG,-22.1333,48.0167,63.81,83,64,3.96,light rain
384,Kibre Mengist,ET,8.9,40.7833,66.06,67,77,9.71,broken clouds
385,Mehriz,IR,36.6412,52.9124,80.02,54,43,2.28,scattered clouds
386,Vigrestad,NO,70.6345,29.7185,53.38,82,0,4.61,clear sky
387,Zeya,RU,53.2973,59.1348,63.61,88,80,5.26,broken clouds
388,Cockburn Harbour,TC,21.4612,-71.1419,82.99,79,63,18.86,broken clouds
389,Jiaojiang,CN,40.2186,116.2197,71.96,85,6,5.99,clear sky
390,Mardin,TR,37.4552,35.8157,81.5,69,6,0.83,clear sky
391,Diffa,NE,13.3154,12.6113,82.8,63,18,10.56,few clouds
392,Porto Novo,CV,14.8961,-24.4956,78.39,90,98,6.24,overcast clouds
393,Beloha,MG,-22.1333,48.0167,63.81,83,64,3.96,light rain
394,Terra Santa,BR,-29.1253,-56.5531,67.03,60,100,6.26,overcast clouds
395,Goderich,CA,43.4668,-80.5164,82.72,52,2,5.99,clear sky
396,Urengoy,RU,53.2973,59.1348,63.61,88,80,5.26,broken clouds
397,Benghazi,IL,31.61,34.7642,90.39,35,0,4.29,clear sky
398,Ewo,CG,-0.8725,14.8206,83.68,49,78,8.97,broken clouds
399,Cockburn Town,BS,26.5412,-77.0636,84.45,73,69,14.0,broken clouds
400,Bundaberg,AU,-42.8794,147.3294,54.05,59,20,3.0,few clouds
401,Surt,IL,31.61,34.7642,90.39,35,0,4.29,clear sky
402,Waipawa,NZ,-46.6,168.3333,39.79,86,76,8.12,broken clouds
403,Bontang,ID,4.1363,96.1285,76.6,82,100,3.78,overcast clouds
404,Kosh-Agach,RU,53.2973,59.1348,63.61,88,80,5.26,broken clouds
405,Tumannyy,RU,53.2973,59.1348,63.61,88,80,5.26,broken clouds
406,Kyabe,SA,18.3851,42.4509,68.16,67,79,2.13,broken clouds
407,Crab Hill,BB,13.2167,-59.5167,83.03,75,11,12.97,few clouds
408,Arroyo,US,19.7297,-155.09,81.81,87,39,4.0,scattered clouds
409,Doha,QA,25.2867,51.5333,96.78,56,0,4.61,clear sky
410,Chapais,CA,55.7435,-97.8558,71.51,24,42,5.1,scattered clouds
411,Sabang,ID,4.1363,96.1285,76.6,82,100,3.78,overcast clouds
412,Lakes Entrance,AU,-42.8794,147.3294,54.05,59,20,3.0,few clouds
413,Soe,ID,4.1363,96.1285,76.6,82,100,3.78,overcast clouds
414,Saldanha,ZA,-33.9258,18.4232,57.61,83,0,1.99,clear sky
415,Ancud,CL,-53.15,-70.9167,44.11,73,80,11.07,broken clouds
416,Clocolan,ZA,-33.9258,18.4232,57.61,83,0,1.99,clear sky
417,Grande-Synthe,FR,51.0154,2.2998,65.28,90,99,5.99,overcast clouds
418,Amahai,ID,4.1363,96.1285,76.6,82,100,3.78,overcast clouds
419,Kuito,AO,-8.8368,13.2343,71.6,88,0,5.75,clear sky
420,Bilibino,RU,53.2973,59.1348,63.61,88,80,5.26,broken clouds
421,Hilton Head Island,US,19.7297,-155.09,81.81,87,39,4.0,scattered clouds
422,Miles City,US,19.7297,-155.09,81.81,87,39,4.0,scattered clouds
423,Roald,NO,70.6345,29.7185,53.38,82,0,4.61,clear sky
424,Benguela,AO,-8.8368,13.2343,71.6,88,0,5.75,clear sky
425,Port Blair,IN,10.5669,72.642,82.18,80,100,21.03,overcast clouds
426,Humberto De Campos,BR,-29.1253,-56.5531,67.03,60,100,6.26,overcast clouds
427,Nguiu,AU,-42.8794,147.3294,54.05,59,20,3.0,few clouds
428,Kuching,MY,5.7336,102.4897,76.69,93,100,2.84,light rain
429,Cedar City,US,19.7297,-155.09,81.81,87,39,4.0,scattered clouds
430,Bintulu,MY,5.7336,102.4897,76.69,93,100,2.84,light rain
431,Bonavista,CA,55.7435,-97.8558,71.51,24,42,5.1,scattered clouds
432,Taylor,US,19.7297,-155.09,81.81,87,39,4.0,scattered clouds
433,Naustdal,NO,70.6345,29.7185,53.38,82,0,4.61,clear sky
434,Sao Joao Da Barra,BR,-29.1253,-56.5531,67.03,60,100,6.26,overcast clouds
435,Lieksa,FI,66.7131,27.4306,52.27,77,85,4.94,overcast clouds
436,Port Augusta,AU,-42.8794,147.3294,54.05,59,20,3.0,few clouds
437,Biltine,SA,18.3851,42.4509,68.16,67,79,2.13,broken clouds
438,Imbituba,BR,-29.1253,-56.5531,67.03,60,100,6.26,overcast clouds
439,Kirovskiy,RU,53.2973,59.1348,63.61,88,80,5.26,broken clouds
440,Zhuhai,CN,40.2186,116.2197,71.96,85,6,5.99,clear sky
441,Pangody,RU,53.2973,59.1348,63.61,88,80,5.26,broken clouds
442,Nanakuli,US,19.7297,-155.09,81.81,87,39,4.0,scattered clouds
443,Mendahara,ID,4.1363,96.1285,76.6,82,100,3.78,overcast clouds
444,Farafangana,MG,-22.1333,48.0167,63.81,83,64,3.96,light rain
445,Marrakesh,MA,31.6315,-8.0083,86.07,42,0,11.5,clear sky
446,Calama,CL,-53.15,-70.9167,44.11,73,80,11.07,broken clouds
447,Pantai Remis,MY,5.7336,102.4897,76.69,93,100,2.84,light rain
448,Marawi,SD,14.2,24.6667,80.42,48,49,17.25,scattered clouds
449,Dukat,RU,53.2973,59.1348,63.61,88,80,5.26,broken clouds
450,Jurm,AF,36.8648,70.8342,64.63,42,4,1.16,clear sky
451,Yerbogachen,RU,53.2973,59.1348,63.61,88,80,5.26,broken clouds
452,Rudbar,AF,36.8648,70.8342,64.63,42,4,1.16,clear sky
453,Aleksandrovka,RU,53.2973,59.1348,63.61,88,80,5.26,broken clouds
454,Borogontsy,RU,53.2973,59.1348,63.61,88,80,5.26,broken clouds
455,Korla,CN,40.2186,116.2197,71.96,85,6,5.99,clear sky
456,Muncar,ID,4.1363,96.1285,76.6,82,100,3.78,overcast clouds
457,Jamame,SO,0.0722,42.7506,74.93,82,43,12.84,scattered clouds
458,Mahbubabad,IN,10.5669,72.642,82.18,80,100,21.03,overcast clouds
459,Marystown,CA,55.7435,-97.8558,71.51,24,42,5.1,scattered clouds
460,Ipixuna,BR,-29.1253,-56.5531,67.03,60,100,6.26,overcast clouds
461,Barra De Sao Francisco,BR,-29.1253,-56.5531,67.03,60,100,6.26,overcast clouds
462,Safut,JO,32.0336,35.8332,81.52,23,0,1.43,clear sky
463,Oyama,JP,35.1333,140.3,80.71,85,63,7.65,broken clouds
464,Mpika,ZM,-14.97,22.6814,58.96,27,0,4.52,clear sky
465,Mazarron,ES,28.6585,-17.9182,69.55,95,20,16.11,few clouds
466,Fukuma,JP,35.1333,140.3,80.71,85,63,7.65,broken clouds
467,Berdigestyakh,RU,53.2973,59.1348,63.61,88,80,5.26,broken clouds
468,Pictou,CA,55.7435,-97.8558,71.51,24,42,5.1,scattered clouds
469,Vrangel,RU,53.2973,59.1348,63.61,88,80,5.26,broken clouds
470,Burnie,AU,-42.8794,147.3294,54.05,59,20,3.0,few clouds
471,Cozumel,MX,16.8634,-99.8901,86.04,66,90,6.67,overcast clouds
472,Shagonar,RU,53.2973,59.1348,63.61,88,80,5.26,broken clouds
473,Uray,RU,53.2973,59.1348,63.61,88,80,5.26,broken clouds
474,Livingstonia,MW,-10.606,34.1063,58.21,77,3,2.82,clear sky
475,Yarada,IN,10.5669,72.642,82.18,80,100,21.03,overcast clouds
476,Tapes,BR,-29.1253,-56.5531,67.03,60,100,6.26,overcast clouds
477,Khvatovka,RU,53.2973,59.1348,63.61,88,80,5.26,broken clouds
478,Navahrudak,BY,53.6,25.8333,56.53,86,100,12.71,overcast clouds
479,Sawtell,AU,-42.8794,147.3294,54.05,59,20,3.0,few clouds
480,Panaba,MX,16.8634,-99.8901,86.04,66,90,6.67,overcast clouds
481,Rawannawi,KI,3.0707,172.7902,84.07,61,12,12.82,few clouds
482,West Wendover,US,19.7297,-155.09,81.81,87,39,4.0,scattered clouds
483,Sisimiut,GL,77.484,-69.3632,46.87,60,39,1.52,scattered clouds
484,Moreira,PT,37.7167,-25.4333,73.81,84,0,6.98,clear sky
485,Vuktyl,RU,53.2973,59.1348,63.61,88,80,5.26,broken clouds
486,Rubano,IT,45.4209,11.8072,73.4,91,39,6.38,scattered clouds
487,Port Hawkesbury,CA,55.7435,-97.8558,71.51,24,42,5.1,scattered clouds
488,Omboue,GA,-1.5746,9.2618,76.05,81,40,8.43,scattered clouds
489,Kuusamo,FI,66.7131,27.4306,52.27,77,85,4.94,overcast clouds
490,Porto Belo,BR,-29.1253,-56.5531,67.03,60,100,6.26,overcast clouds
491,Artesia,US,19.7297,-155.09,81.81,87,39,4.0,scattered clouds
492,Kautokeino,NO,70.6345,29.7185,53.38,82,0,4.61,clear sky
493,Ostrovnoy,RU,53.2973,59.1348,63.61,88,80,5.26,broken clouds
494,Marsa Matruh,EG,27.2574,33.8129,89.64,66,0,0.0,dust
495,Shahr-E Kord,IR,36.6412,52.9124,80.02,54,43,2.28,scattered clouds
496,Evensk,RU,53.2973,59.1348,63.61,88,80,5.26,broken clouds
497,Inirida,CO,0.8628,-77.7263,54.84,70,48,11.32,scattered clouds
498,Ndago,TZ,-8.7833,36.35,68.32,67,15,2.55,few clouds
499,Sibolga,ID,4.1363,96.1285,76.6,82,100,3.78,overcast clouds
500,Hilpoltstein,DE,53.5,10.4833,64.71,95,75,7.45,broken clouds
501,Conde,BR,-29.1253,-56.5531,67.03,60,100,6.26,overcast clouds
502,Muswellbrook,AU,-42.8794,147.3294,54.05,59,20,3.0,few clouds
503,Hammerfest,NO,70.6345,29.7185,53.38,82,0,4.61,clear sky
504,Tual,ID,4.1363,96.1285,76.6,82,100,3.78,overcast clouds
505,Poum,NC,-22.6667,167.4833,67.32,58,73,17.63,broken clouds
506,Xiangxiang,CN,40.2186,116.2197,71.96,85,6,5.99,clear sky
507,Calamar,CO,0.8628,-77.7263,54.84,70,48,11.32,scattered clouds
508,Port Hedland,AU,-42.8794,147.3294,54.05,59,20,3.0,few clouds
509,Wulanhaote,CN,40.2186,116.2197,71.96,85,6,5.99,clear sky
510,Emba,KZ,46.844,74.9804,73.26,44,6,14.61,clear sky
511,Port-Gentil,GA,-1.5746,9.2618,76.05,81,40,8.43,scattered clouds
512,Haines Junction,CA,55.7435,-97.8558,71.51,24,42,5.1,scattered clouds
513,Riyadh,SA,24.6877,46.7219,95.09,11,9,8.7,clear sky
514,Amuntai,ID,4.1363,96.1285,76.6,82,100,3.78,overcast clouds
515,Axim,GH,9.4427,-0.0099,72.81,97,100,4.47,overcast clouds
516,Yanan,CN,40.2186,116.2197,71.96,85,6,5.99,clear sky
517,Punta De Bombon,PE,-7.8447,-79.1469,72.82,62,0,9.78,clear sky
518,Pemba,MZ,-23.865,35.3833,66.94,79,0,7.02,clear sky
519,Salamiyah,SY,35.0113,37.0532,80.92,43,12,9.93,few clouds
520,San Jose,US,37.3394,-121.895,86.9,52,75,12.66,haze
521,Bandar-E Lengeh,IR,36.6412,52.9124,80.02,54,43,2.28,scattered clouds
522,Talara,PE,-7.8447,-79.1469,72.82,62,0,9.78,clear sky
523,Tsaratanana,MG,-22.1333,48.0167,63.81,83,64,3.96,light rain
524,Port Moresby,PG,-2.5744,150.7967,82.26,71,100,2.59,light rain
525,Sinkat,SD,14.2,24.6667,80.42,48,49,17.25,scattered clouds
526,Bosaso,SO,0.0722,42.7506,74.93,82,43,12.84,scattered clouds
527,Kilindoni,TZ,-8.7833,36.35,68.32,67,15,2.55,few clouds
528,Labuhan,ID,4.1363,96.1285,76.6,82,100,3.78,overcast clouds
529,Abu Dhabi,AE,24.4667,54.3667,91.24,72,100,3.13,overcast clouds
530,Boa Vista,BR,-29.1253,-56.5531,67.03,60,100,6.26,overcast clouds
531,Asayita,ET,8.9,40.7833,66.06,67,77,9.71,broken clouds
532,Moengo,SR,5.6167,-54.4,79.16,89,47,3.09,scattered clouds
533,Tessalit,ML,16.6362,1.637,88.88,44,34,6.24,scattered clouds
534,Clarence Town,BS,26.5412,-77.0636,84.45,73,69,14.0,broken clouds
535,Penzance,GB,57.4667,-1.7833,60.1,88,55,22.97,broken clouds
536,Danjiangkou,CN,40.2186,116.2197,71.96,85,6,5.99,clear sky
537,Kenai,US,19.7297,-155.09,81.81,87,39,4.0,scattered clouds
538,Huarmey,PE,-7.8447,-79.1469,72.82,62,0,9.78,clear sky
539,Kendari,ID,4.1363,96.1285,76.6,82,100,3.78,overcast clouds
540,Paamiut,GL,77.484,-69.3632,46.87,60,39,1.52,scattered clouds
541,Dera Ghazi Khan,PK,30.9236,66.4512,80.82,13,0,5.64,clear sky
542,Walvis Bay,NA,-22.116,14.2845,54.86,85,3,8.84,clear sky
543,Antequera,ES,37.0194,-4.5612,84.96,21,0,3.06,clear sky
544,Lebanon,US,19.7297,-155.09,81.81,87,39,4.0,scattered clouds
545,Karratha,AU,-42.8794,147.3294,54.05,59,20,3.0,few clouds
546,Nhamunda,BR,-29.1253,-56.5531,67.03,60,100,6.26,overcast clouds
547,Jumla,NP,29.2747,82.1838,63.07,97,99,1.43,overcast clouds
548,Koindu,CA,43.4668,-80.5164,82.72,52,2,5.99,clear sky
549,Sheopur,IN,10.5669,72.642,82.18,80,100,21.03,overcast clouds
550,Oshogbo,NG,9.0833,3.85,69.94,96,92,5.48,overcast clouds
551,Andenes,NO,70.6345,29.7185,53.38,82,0,4.61,clear sky
552,Waddan,IL,31.61,34.7642,90.39,35,0,4.29,clear sky
553,La Rochelle,FR,51.0154,2.2998,65.28,90,99,5.99,overcast clouds
554,Phrae,TH,18.0833,100.0,71.98,96,100,2.51,overcast clouds
555,Hibbing,US,19.7297,-155.09,81.81,87,39,4.0,scattered clouds
556,Tura,RU,53.2973,59.1348,63.61,88,80,5.26,broken clouds
557,Arlit,NE,13.3154,12.6113,82.8,63,18,10.56,few clouds
558,Tabou,CI,4.423,-7.3528,75.79,85,62,8.97,broken clouds
559,Pirajui,BR,-29.1253,-56.5531,67.03,60,100,6.26,overcast clouds
560,Macomb,US,19.7297,-155.09,81.81,87,39,4.0,scattered clouds
561,Red Wing,US,19.7297,-155.09,81.81,87,39,4.0,scattered clouds
562,Iracoubo,GF,4.9333,-52.3333,82.44,78,0,6.91,clear sky
563,Mitsamiouli,KM,-11.3847,43.2844,76.26,70,6,5.41,clear sky
564,Conakry,GN,9.538,-13.6773,77.74,85,100,14.54,moderate rain
565,Along,IN,10.5669,72.642,82.18,80,100,21.03,overcast clouds
566,Lazaro Cardenas,MX,16.8634,-99.8901,86.04,66,90,6.67,overcast clouds
567,Hambantota,LK,8.5711,81.2335,80.89,78,100,22.46,overcast clouds
568,Oistins,BB,13.2167,-59.5167,83.03,75,11,12.97,few clouds
569,Culasi,PH,11.4272,122.056,80.71,81,100,11.21,overcast clouds
570,Yinchuan,CN,40.2186,116.2197,71.96,85,6,5.99,clear sky
571,Shubarshi,KZ,46.844,74.9804,73.26,44,6,14.61,clear sky
572,Formoso Do Araguaia,BR,-29.1253,-56.5531,67.03,60,100,6.26,overcast clouds
573,Maitum,PH,11.4272,122.056,80.71,81,100,11.21,overcast clouds
574,Saint-Georges,GF,4.9333,-52.3333,82.44,78,0,6.91,clear sky
575,Ekhabi,RU,53.2973,59.1348,63.61,88,80,5.26,broken clouds
576,Villamontes,BO,-10.9833,-66.1,94.42,21,1,1.41,clear sky
577,Zhangjiakou,CN,40.2186,116.2197,71.96,85,6,5.99,clear sky
578,Broome,AU,-42.8794,147.3294,54.05,59,20,3.0,few clouds
579,Olinda,BR,-29.1253,-56.5531,67.03,60,100,6.26,overcast clouds
580,Samarai,PG,-2.5744,150.7967,82.26,71,100,2.59,light rain
581,Buchanan,LR,5.8808,-10.0467,76.96,79,97,10.58,overcast clouds
582,Banjar,ID,4.1363,96.1285,76.6,82,100,3.78,overcast clouds
583,Punta Alta,AR,-54.8,-68.3,49.62,75,75,36.82,broken clouds
584,Catuday,PH,11.4272,122.056,80.71,81,100,11.21,overcast clouds
585,Mugumu,TZ,-8.7833,36.35,68.32,67,15,2.55,few clouds
586,Raciborz,PL,50.0919,18.2193,60.24,100,100,16.04,moderate rain
587,Ust-Barguzin,RU,53.2973,59.1348,63.61,88,80,5.26,broken clouds
588,Fujin,CN,40.2186,116.2197,71.96,85,6,5.99,clear sky
589,Pacific Grove,US,19.7297,-155.09,81.81,87,39,4.0,scattered clouds
590,Cap Malheureux,MU,-20.0064,57.6608,67.37,69,76,8.01,broken clouds
591,Bilma,NE,13.3154,12.6113,82.8,63,18,10.56,few clouds
592,Maumere,ID,4.1363,96.1285,76.6,82,100,3.78,overcast clouds
593,Bhaderwah,IN,10.5669,72.642,82.18,80,100,21.03,overcast clouds
594,Pandan,PH,11.4272,122.056,80.71,81,100,11.21,overcast clouds
595,Kingman,US,19.7297,-155.09,81.81,87,39,4.0,scattered clouds
596,Mabaruma,GY,8.2,-59.7833,82.87,72,14,5.93,few clouds
597,Yialos,GR,35.507,27.2132,81.68,67,0,12.3,clear sky
598,Qaqortoq,GL,77.484,-69.3632,46.87,60,39,1.52,scattered clouds
599,Bodden Town,KY,19.3667,-81.4167,90.0,68,40,4.0,scattered clouds
600,Alberton,CA,55.7435,-97.8558,71.51,24,42,5.1,scattered clouds
601,Iznoski,RU,53.2973,59.1348,63.61,88,80,5.26,broken clouds
602,Talaya,RU,53.2973,59.1348,63.61,88,80,5.26,broken clouds
603,Lexington,US,19.7297,-155.09,81.81,87,39,4.0,scattered clouds
604,Nhulunbuy,AU,-42.8794,147.3294,54.05,59,20,3.0,few clouds
605,Ephrata,US,19.7297,-155.09,81.81,87,39,4.0,scattered clouds
606,Koshki,RU,53.2973,59.1348,63.61,88,80,5.26,broken clouds
607,Touros,BR,-29.1253,-56.5531,67.03,60,100,6.26,overcast clouds
608,Mount Gambier,AU,-42.8794,147.3294,54.05,59,20,3.0,few clouds
609,Kushmurun,KZ,46.844,74.9804,73.26,44,6,14.61,clear sky
610,Najran,SA,24.6877,46.7219,95.09,11,9,8.7,clear sky
611,Hwange,ZW,-18.3693,26.5019,62.11,38,0,2.33,clear sky
612,Liverpool,CA,55.7435,-97.8558,71.51,24,42,5.1,scattered clouds
613,Jieshi,CN,40.2186,116.2197,71.96,85,6,5.99,clear sky
614,Morrope,PE,-7.8447,-79.1469,72.82,62,0,9.78,clear sky
615,Laukaa,FI,66.7131,27.4306,52.27,77,85,4.94,overcast clouds
616,Leua,AO,-8.8368,13.2343,71.6,88,0,5.75,clear sky
617,Knysna,ZA,-33.9258,18.4232,57.61,83,0,1.99,clear sky
618,Kuandian,CN,40.2186,116.2197,71.96,85,6,5.99,clear sky
619,Mangan,IN,10.5669,72.642,82.18,80,100,21.03,overcast clouds
620,Lahaina,US,19.7297,-155.09,81.81,87,39,4.0,scattered clouds
621,Cabra,PH,11.4272,122.056,80.71,81,100,11.21,overcast clouds
622,Pangnirtung,CA,55.7435,-97.8558,71.51,24,42,5.1,scattered clouds
623,Turukhansk,RU,53.2973,59.1348,63.61,88,80,5.26,broken clouds
624,Bac Lieu,VN,9.285,105.7244,79.95,82,98,10.29,overcast clouds
625,Fare,PF,-23.1203,-134.9692,73.96,75,21,16.35,few clouds
626,Lagos,PT,37.7167,-25.4333,73.81,84,0,6.98,clear sky
627,Tawkar,SD,14.2,24.6667,80.42,48,49,17.25,scattered clouds
628,Elizabeth City,US,19.7297,-155.09,81.81,87,39,4.0,scattered clouds
629,Mareeba,AU,-42.8794,147.3294,54.05,59,20,3.0,few clouds
630,Lubao,CD,-5.35,21.4167,77.32,29,0,2.44,clear sky
631,Gigmoto,PH,11.4272,122.056,80.71,81,100,11.21,overcast clouds
632,Praia,CV,14.8961,-24.4956,78.39,90,98,6.24,overcast clouds
633,Tatarka,RU,53.2973,59.1348,63.61,88,80,5.26,broken clouds
634,Abonnema,NG,9.0833,3.85,69.94,96,92,5.48,overcast clouds
635,Salinopolis,BR,-29.1253,-56.5531,67.03,60,100,6.26,overcast clouds
636,Dargaville,NZ,-46.6,168.3333,39.79,86,76,8.12,broken clouds
637,Imeni Babushkina,RU,53.2973,59.1348,63.61,88,80,5.26,broken clouds
638,Batagay-Alyta,RU,53.2973,59.1348,63.61,88,80,5.26,broken clouds
639,Akyab,MM,16.7833,94.7333,77.25,95,100,6.89,overcast clouds
640,Terrace,CA,55.7435,-97.8558,71.51,24,42,5.1,scattered clouds
641,Tombouctou,ML,16.6362,1.637,88.88,44,34,6.24,scattered clouds
642,Viljoenskroon,ZA,-33.9258,18.4232,57.61,83,0,1.99,clear sky
643,Matadi,CD,-5.35,21.4167,77.32,29,0,2.44,clear sky
644,Nuevitas,CU,21.5453,-77.2644,86.16,65,2,9.75,clear sky
645,Qostanay,KZ,46.844,74.9804,73.26,44,6,14.61,clear sky
646,Sioux Lookout,CA,55.7435,-97.8558,71.51,24,42,5.1,scattered clouds
647,Caohai,CN,40.2186,116.2197,71.96,85,6,5.99,clear sky
648,Andevoranto,MG,-22.1333,48.0167,63.81,83,64,3.96,light rain
649,Alihe,CN,40.2186,116.2197,71.96,85,6,5.99,clear sky
650,Barreirinha,BR,-29.1253,-56.5531,67.03,60,100,6.26,overcast clouds
651,Narasannapeta,IN,10.5669,72.642,82.18,80,100,21.03,overcast clouds
652,Grand River South East,MU,-20.0064,57.6608,67.37,69,76,8.01,broken clouds
653,Buala,PT,40.1629,-8.3327,70.03,97,4,2.95,clear sky
654,Oktyabrskoye,RU,53.2973,59.1348,63.61,88,80,5.26,broken clouds
655,Kegayli,UZ,40.5614,65.6886,77.09,21,0,8.39,clear sky
656,Sept-Iles,CA,55.7435,-97.8558,71.51,24,42,5.1,scattered clouds
657,Ruatoria,NZ,-46.6,168.3333,39.79,86,76,8.12,broken clouds
658,San Quintin,MX,16.8634,-99.8901,86.04,66,90,6.67,overcast clouds
659,Champerico,US,37.3394,-121.895,86.9,52,75,12.66,haze
660,Mozirje,SI,46.3394,14.9633,62.15,92,70,1.63,broken clouds
661,Olafsvik,IS,66.0449,-17.3389,55.31,83,73,5.68,broken clouds
662,Kedrovyy,RU,53.2973,59.1348,63.61,88,80,5.26,broken clouds
663,Sundsvall,SE,62.3913,17.3063,59.97,93,0,5.75,clear sky
664,Yingkou,CN,40.2186,116.2197,71.96,85,6,5.99,clear sky
665,Coria,ES,28.6585,-17.9182,69.55,95,20,16.11,few clouds
666,Orumiyeh,IR,36.6412,52.9124,80.02,54,43,2.28,scattered clouds
667,Ginir,ET,8.9,40.7833,66.06,67,77,9.71,broken clouds
668,Dunedin,NZ,-46.6,168.3333,39.79,86,76,8.12,broken clouds
669,Promyshlennyy,RU,53.2973,59.1348,63.61,88,80,5.26,broken clouds
670,Batagay,RU,53.2973,59.1348,63.61,88,80,5.26,broken clouds
671,Aripuana,BR,-29.1253,-56.5531,67.03,60,100,6.26,overcast clouds
672,Lucea,JM,18.451,-78.1736,84.63,69,28,12.01,light rain
673,Camacha,PT,37.7167,-25.4333,73.81,84,0,6.98,clear sky
674,Riviere-Au-Renard,CA,55.7435,-97.8558,71.51,24,42,5.1,scattered clouds
675,Kamenskoye,RU,53.2973,59.1348,63.61,88,80,5.26,broken clouds
676,Bud,NO,70.6345,29.7185,53.38,82,0,4.61,clear sky
677,Turbat,PK,30.9236,66.4512,80.82,13,0,5.64,clear sky
678,Siauliai,LT,55.9333,23.3167,57.22,77,0,4.61,clear sky
679,Jati,PK,30.9236,66.4512,80.82,13,0,5.64,clear sky
680,Aasiaat,GL,77.484,-69.3632,46.87,60,39,1.52,scattered clouds
